rows,width,source_kind,mode,repeat,status,setup_s,query_collect_s,api_readback_s,process_s,peak_rss_mib,result_rows,chosen,objective,payload_bytes,direct_analyze_ms,direct_construct_ms,model_build_ms,backend_load_ms,solve_ms,solver_readback_ms,error
1000000,0,stored,direct,0,ok,0.01926025,0.041318958,0.046777,0.165855,227.094,1000000,100000,45060950,0,0.363917,0.023875,0.0,0.0,0.0,0.0,
1000000,0,stored,highs,0,ok,0.013202833,8.343941458,0.047694834,8.438555,809.406,1000000,100000,45060950,0,0.0,0.0,21.981958,48.019709,8237.568,11.447336,
1000000,0,stored,gurobi,0,ok,0.013297125,0.503551417,0.046547458,0.589621,519.156,1000000,100000,45060950,0,0.0,0.0,22.764458,91.275375,344.330917,10.628204,
5000000,0,stored,direct,0,ok,0.068298083,0.204195416,0.234072416,0.552169,1094.391,5000000,500000,225307463.5,0,0.020875,0.017833,0.0,0.0,0.0,0.0,
5000000,0,stored,highs,0,ok,0.068686417,43.249611042,0.237445083,43.609716,2583.344,5000000,500000,225307463.5,0,0.0,0.0,114.019458,246.880625,42702.489625,60.873527,
5000000,0,stored,gurobi,0,ok,0.068086417,2.762487708,0.238597167,3.110655,2439.75,5000000,500000,225307463.5,0,0.0,0.0,109.564875,469.6875,2004.8795,54.261497,
1000000,0,stored,direct,1,ok,0.013826583,0.0363925,0.047879959,0.11904,226.906,1000000,100000,45060950,0,0.019958,0.018542,0.0,0.0,0.0,0.0,
1000000,0,stored,highs,1,ok,0.014302292,8.465693542,0.047458458,8.553136,809.594,1000000,100000,45060950,0,0.0,0.0,22.036,47.865708,8362.336375,10.604783,
1000000,0,stored,gurobi,1,ok,0.013924,0.485922458,0.047598417,0.570576,520.312,1000000,100000,45060950,0,0.0,0.0,21.376542,90.615292,334.845708,10.703354,
5000000,0,stored,direct,1,ok,0.068211917,0.168683167,0.23803625,0.502201,1093.859,5000000,500000,225307463.5,0,0.019834,0.018333,0.0,0.0,0.0,0.0,
5000000,0,stored,highs,1,ok,0.06847175,42.414684667,0.236913334,42.771524,2833.812,5000000,500000,225307463.5,0,0.0,0.0,107.25,224.614375,41895.443875,62.828625,
5000000,0,stored,gurobi,1,ok,0.068349167,2.790369208,0.239020875,3.140138,2440.641,5000000,500000,225307463.5,0,0.0,0.0,109.096208,465.984334,2037.282375,54.185421,
