rows,capacity,width,pattern,mode,repeat,status,query_s,process_s,peak_rss_mib,result_rows,chosen,objective,direct_analyze_ms,direct_construct_ms,model_build_ms,backend_load_ms,solve_ms,solver_readback_ms,error
1000000,100000,0,mixed,direct,0,ok,0.082,0.100044,160.797,1000000,100000,45060950.00000001,0.017375,0.018625,0.0,0.0,0.0,0.0,
1000000,100000,0,mixed,highs,0,ok,8.449,8.471292,788.328,1000000,100000,45060949.999999985,0.0,0.0,21.698458,46.6515,8333.10625,11.022878,
1000000,100000,0,mixed,gurobi,0,ok,0.505,0.526302,499.922,1000000,100000,45060949.99999999,0.0,0.0,21.676542,92.719833,337.229166,11.05467,
1000000,100000,0,tied,direct,0,ok,0.077,0.095072,160.625,1000000,100000,758823.0,0.016583,0.015375,0.0,0.0,0.0,0.0,
1000000,100000,0,tied,highs,0,ok,1.089,1.110624,819.422,1000000,100000,758823.0,0.0,0.0,21.537209,46.922625,972.395042,11.064118,
1000000,100000,0,tied,gurobi,0,ok,0.511,0.532675,487.469,1000000,100000,758823.0,0.0,0.0,21.838083,93.735833,343.336209,11.389418,
5000000,500000,0,mixed,direct,0,ok,0.398,0.422615,717.281,5000000,500000,225307463.5000009,0.017208,0.018208,0.0,0.0,0.0,0.0,
5000000,500000,0,mixed,highs,0,ok,42.678,42.733318,2384.891,5000000,500000,225307463.50000054,0.0,0.0,109.781333,234.244417,42075.011334,65.949726,
5000000,500000,0,mixed,gurobi,0,ok,2.853,2.895611,2270.641,5000000,500000,225307463.50000033,0.0,0.0,108.577792,456.919375,2039.741125,54.846312,
5000000,500000,0,tied,direct,0,ok,0.393,0.418645,717.344,5000000,500000,3794117.0,0.017458,0.017459,0.0,0.0,0.0,0.0,
5000000,500000,0,tied,highs,0,ok,6.268,6.327235,2730.938,5000000,500000,3794117.0,0.0,0.0,108.639667,226.627125,5680.232291,65.215032,
5000000,500000,0,tied,gurobi,0,ok,2.509,2.551391,2244.234,5000000,500000,3794117.0,0.0,0.0,107.027416,462.90175,1705.334792,54.615604,
1000000,100000,0,mixed,direct,1,ok,0.086,0.104931,160.75,1000000,100000,45060950.00000001,0.015167,0.017292,0.0,0.0,0.0,0.0,
1000000,100000,0,mixed,highs,1,ok,8.542,8.564202,788.25,1000000,100000,45060949.999999985,0.0,0.0,21.87775,45.081084,8425.509542,11.221281,
1000000,100000,0,mixed,gurobi,1,ok,0.516,0.538939,500.562,1000000,100000,45060949.999999985,0.0,0.0,22.497875,93.453333,344.120709,11.185537,
1000000,100000,0,tied,direct,1,ok,0.078,0.096407,160.594,1000000,100000,758823.0,0.016167,0.0155,0.0,0.0,0.0,0.0,
1000000,100000,0,tied,highs,1,ok,1.12,1.142776,819.469,1000000,100000,758823.0,0.0,0.0,21.835083,46.738,1003.422041,11.13259,
1000000,100000,0,tied,gurobi,1,ok,0.495,0.517383,487.141,1000000,100000,758823.0,0.0,0.0,22.270959,90.72375,328.769875,11.255388,
5000000,500000,0,mixed,direct,1,ok,0.403,0.428398,717.469,5000000,500000,225307463.5000009,0.017459,0.016917,0.0,0.0,0.0,0.0,
5000000,500000,0,mixed,highs,1,ok,42.978,43.02945,2808.422,5000000,500000,225307463.50000054,0.0,0.0,112.344625,242.2525,42367.873583,64.912421,
5000000,500000,0,mixed,gurobi,1,ok,2.799,2.840166,2271.062,5000000,500000,225307463.50000036,0.0,0.0,107.205292,458.378458,1991.007833,55.173019,
5000000,500000,0,tied,direct,1,ok,0.394,0.418248,717.297,5000000,500000,3794117.0,0.017125,0.017875,0.0,0.0,0.0,0.0,
5000000,500000,0,tied,highs,1,ok,6.203,6.258492,2952.328,5000000,500000,3794117.0,0.0,0.0,108.131417,227.499042,5626.199541,58.239182,
5000000,500000,0,tied,gurobi,1,ok,2.582,2.62175,2243.922,5000000,500000,3794117.0,0.0,0.0,109.787708,463.679417,1775.341666,55.037127,
1000000,100000,0,mixed,direct,2,ok,0.084,0.103095,160.766,1000000,100000,45060950.00000001,0.016333,0.015708,0.0,0.0,0.0,0.0,
1000000,100000,0,mixed,highs,2,ok,8.527,8.549765,788.406,1000000,100000,45060949.999999985,0.0,0.0,21.473042,44.915291,8412.414334,11.137198,
1000000,100000,0,mixed,gurobi,2,ok,0.504,0.525928,500.344,1000000,100000,45060949.99999999,0.0,0.0,21.709792,90.286708,338.867834,11.462926,
1000000,100000,0,tied,direct,2,ok,0.077,0.09471,160.578,1000000,100000,758823.0,0.016458,0.01625,0.0,0.0,0.0,0.0,
1000000,100000,0,tied,highs,2,ok,1.117,1.138999,819.438,1000000,100000,758823.0,0.0,0.0,21.474625,45.876,1002.420708,10.927921,
1000000,100000,0,tied,gurobi,2,ok,0.499,0.520046,487.656,1000000,100000,758823.0,0.0,0.0,21.772416,91.148583,332.289458,11.332717,
5000000,500000,0,mixed,direct,2,ok,0.41,0.434875,717.438,5000000,500000,225307463.50000092,0.021292,0.020333,0.0,0.0,0.0,0.0,
5000000,500000,0,mixed,highs,2,ok,43.372,43.420545,2846.375,5000000,500000,225307463.50000054,0.0,0.0,112.8615,234.927166,42765.316041,64.953439,
5000000,500000,0,mixed,gurobi,2,ok,2.862,2.901545,2269.859,5000000,500000,225307463.50000033,0.0,0.0,107.591541,456.651083,2054.098625,54.908703,
5000000,500000,0,tied,direct,2,ok,0.4,0.424383,717.281,5000000,500000,3794117.0,0.018458,0.018125,0.0,0.0,0.0,0.0,
5000000,500000,0,tied,highs,2,ok,6.345,6.393739,3001.234,5000000,500000,3794117.0,0.0,0.0,107.35075,221.072833,5777.59575,57.836123,
5000000,500000,0,tied,gurobi,2,ok,2.541,2.580809,2245.125,5000000,500000,3794117.0,0.0,0.0,107.708709,456.511375,1744.448583,55.172386,
