rows,capacity,width,pattern,source_kind,mode,repeat,status,query_s,process_s,peak_rss_mib,result_rows,chosen,objective,direct_analyze_ms,direct_construct_ms,model_build_ms,backend_load_ms,solve_ms,solver_readback_ms,error
1000000,100000,0,mixed,stored,direct,0,ok,0.046,0.07861,227.047,1000000,100000,45060950.00000001,0.017667,0.014666,0.0,0.0,0.0,0.0,
1000000,100000,0,mixed,stored,highs,0,ok,8.469,8.511863,772.281,1000000,100000,45060949.99999998,0.0,0.0,23.190083,47.363416,8355.923541,12.341594,
1000000,100000,0,mixed,stored,gurobi,0,ok,0.53,0.566628,520.781,1000000,100000,45060949.99999998,0.0,0.0,26.326791,99.75275,350.788459,11.985323,
1000000,100000,0,tied,stored,direct,0,ok,0.032,0.064343,227.766,1000000,100000,758823.0,0.019959,0.015875,0.0,0.0,0.0,0.0,
1000000,100000,0,tied,stored,highs,0,ok,1.083,1.121326,825.609,1000000,100000,758823.0,0.0,0.0,23.483125,46.616375,969.249958,11.57092,
1000000,100000,0,tied,stored,gurobi,0,ok,0.499,0.533634,506.531,1000000,100000,758823.0,0.0,0.0,23.259208,93.0845,335.414375,11.648505,
5000000,500000,0,mixed,stored,direct,0,ok,0.223,0.327508,1028.828,5000000,500000,225307463.50000092,0.019167,0.016042,0.0,0.0,0.0,0.0,
5000000,500000,0,mixed,stored,highs,0,ok,42.699,42.821737,2492.766,5000000,500000,225307463.50000054,0.0,0.0,116.494875,226.503292,42128.596,65.970638,
5000000,500000,0,mixed,stored,gurobi,0,ok,2.826,2.933616,2368.984,5000000,500000,225307463.50000036,0.0,0.0,112.3685,453.9125,2045.065166,58.908459,
5000000,500000,0,tied,stored,direct,0,ok,0.173,0.262458,1033.359,5000000,500000,3794117.0,0.019416,0.017458,0.0,0.0,0.0,0.0,
5000000,500000,0,tied,stored,highs,0,ok,6.247,6.36078,2934.156,5000000,500000,3794117.0,0.0,0.0,125.720625,242.6345,5656.923375,61.4114,
5000000,500000,0,tied,stored,gurobi,0,ok,2.582,2.684374,2345.828,5000000,500000,3794117.0,0.0,0.0,114.632208,468.955458,1786.6835,59.384149,
1000000,100000,0,mixed,stored,direct,1,ok,0.039,0.072434,227.906,1000000,100000,45060950.00000001,0.018875,0.015833,0.0,0.0,0.0,0.0,
1000000,100000,0,mixed,stored,highs,1,ok,8.477,8.513639,794.125,1000000,100000,45060949.99999998,0.0,0.0,22.529833,45.093292,8368.086791,11.83154,
1000000,100000,0,mixed,stored,gurobi,1,ok,0.507,0.542887,520.453,1000000,100000,45060949.999999985,0.0,0.0,22.748208,91.207375,344.675917,11.923875,
1000000,100000,0,tied,stored,direct,1,ok,0.031,0.062909,227.719,1000000,100000,758823.0,0.021541,0.015791,0.0,0.0,0.0,0.0,
1000000,100000,0,tied,stored,highs,1,ok,1.071,1.106963,825.516,1000000,100000,758823.0,0.0,0.0,22.539458,45.070167,961.848417,11.691552,
1000000,100000,0,tied,stored,gurobi,1,ok,0.488,0.522874,507.125,1000000,100000,758823.0,0.0,0.0,22.941125,92.693583,325.048125,11.698451,
5000000,500000,0,mixed,stored,direct,1,ok,0.184,0.282488,1035.094,5000000,500000,225307463.50000092,0.019583,0.018333,0.0,0.0,0.0,0.0,
5000000,500000,0,mixed,stored,highs,1,ok,42.604,42.724272,2845.031,5000000,500000,225307463.50000054,0.0,0.0,113.062709,222.506042,42040.668083,68.083952,
5000000,500000,0,mixed,stored,gurobi,1,ok,2.839,2.953393,2369.469,5000000,500000,225307463.5000003,0.0,0.0,114.89875,467.761584,2039.77025,59.153499,
5000000,500000,0,tied,stored,direct,1,ok,0.17,0.260718,1037.078,5000000,500000,3794117.0,0.0205,0.017875,0.0,0.0,0.0,0.0,
5000000,500000,0,tied,stored,highs,1,ok,6.433,6.548357,2872.062,5000000,500000,3794117.0,0.0,0.0,115.892375,226.279292,5863.570584,63.013899,
5000000,500000,0,tied,stored,gurobi,1,ok,2.534,2.638309,2345.688,5000000,500000,3794117.0,0.0,0.0,112.873459,456.153083,1751.624833,58.814972,
