rows,width,source_kind,output_kind,mode,delivery,repeat,status,setup_s,submit_s,fetch_s,query_collect_s,api_readback_s,process_s,peak_rss_mib,setup_rss_mib,process_peak_through_setup_mib,process_peak_through_submit_mib,post_submit_rss_mib,process_peak_through_fetch_mib,post_fetch_rss_mib,process_peak_through_query_mib,post_query_rss_mib,result_rows,output_rows,chosen,objective,payload_bytes,direct_analyze_ms,direct_construct_ms,model_build_ms,backend_load_ms,solve_ms,solver_readback_ms,result_collect_append_ms,result_collect_combine_ms,result_collect_finalize_ms,error
5000000,0,stored,full,direct,materialized,0,ok,0.090963833,0.259016041,0.236956125,0.259016041,0.236956125,0.681491,1071.672,117.859375,117.859375,1069.953125,1069.953125,1070.015625,1070.015625,1069.953125,1069.953125,5000000,5000000,500000,225307463.5,0,0.465209,0.032166,0.0,0.0,0.0,0.0,16.796026,0.04275,0.013791,
5000000,0,stored,full,direct,stream,0,ok,0.06550125,0.144295167,0.311327708,,,0.553021,1032.297,117.90625,117.90625,1031.828125,1031.828125,1032.28125,1032.28125,,,5000000,5000000,500000,225307463.5,0,0.017625,0.017041,0.0,0.0,0.0,0.0,0.0,0.0,0.0,
5000000,0,stored,full,gurobi,materialized,0,ok,0.064719667,3.08323725,0.241048375,3.08323725,0.241048375,3.449061,1708.969,117.890625,117.890625,1708.890625,1708.890625,1708.9375,1708.9375,1708.890625,1708.890625,5000000,5000000,500000,225307463.5,0,0.0,0.0,115.472167,481.9335,2271.658166,69.689329,16.653787,0.015542,0.012666,
5000000,0,stored,full,gurobi,stream,0,ok,0.064085917,2.80749775,0.296913375,,,3.226565,2229.578,117.84375,117.84375,2229.578125,2167.578125,2229.578125,2152.015625,,,5000000,5000000,500000,225307463.5,0,0.0,0.0,109.47975,443.436792,2146.748416,67.842707,0.0,0.0,0.0,
5000000,0,stored,full,highs,materialized,0,ok,0.0686905,43.811997667,0.239052792,43.811997667,0.239052792,44.174798,2397.156,117.828125,117.828125,2397.15625,2010.046875,2397.15625,2010.109375,2397.15625,2010.046875,5000000,5000000,500000,225307463.5,0,0.0,0.0,120.557458,289.957,43203.871167,65.137576,15.056193,0.007916,0.007167,
5000000,0,stored,full,highs,stream,0,ok,0.068131167,42.344246417,0.317604041,,,42.783797,2720.625,117.90625,117.90625,2720.625,1839.4375,2720.625,1912.390625,,,5000000,5000000,500000,225307463.5,0,0.0,0.0,111.418042,232.009208,41887.309375,79.938203,0.0,0.0,0.0,
5000000,512,stored,full,direct,materialized,0,ok,7.77643875,2.908180084,1.964643708,2.908180084,1.964643708,12.820442,2878.516,2611.921875,2611.921875,2821.03125,2570.828125,2878.515625,2817.8125,2821.03125,2570.828125,5000000,5000000,500000,225307463.5,2560000000,0.016666,0.0175,0.0,0.0,0.0,0.0,6924.739246,0.058542,0.014583,
5000000,512,stored,full,direct,stream,0,ok,7.676406625,0.709012708,2.738527542,,,11.27549,3334.094,2611.75,2611.75,2917.109375,2675.3125,3319.3125,3319.3125,,,5000000,5000000,500000,225307463.5,2560000000,0.019291,0.019875,0.0,0.0,0.0,0.0,0.0,0.0,0.0,
5000000,512,stored,full,gurobi,materialized,0,ok,7.675633333,4.025482084,1.866586,4.025482084,1.866586,13.666814,3409.312,2611.734375,2611.734375,3409.3125,1909.90625,3409.3125,3176.125,3409.3125,1909.90625,5000000,5000000,500000,225307463.5,2560000000,0.0,0.0,124.811375,494.826959,2262.807417,68.79216,585.884192,0.013833,0.008542,
5000000,512,stored,full,gurobi,stream,0,ok,7.653559,3.310796875,2.079144667,,,13.11706,3308.25,2611.78125,2611.78125,3308.25,2861.109375,3308.25,2128.890625,,,5000000,5000000,500000,225307463.5,2560000000,0.0,0.0,124.740917,495.469542,2177.965,66.555683,0.0,0.0,0.0,
5000000,512,stored,full,highs,materialized,0,ok,7.661485292,44.475176917,1.925571291,44.475176917,1.925571291,54.165995,3346.547,2611.703125,2611.703125,3346.546875,2905.625,3346.546875,2868.28125,3346.546875,2905.625,5000000,5000000,500000,225307463.5,2560000000,0.0,0.0,122.368,301.545167,42911.217875,68.609841,581.884854,0.024625,0.012,
5000000,512,stored,full,highs,stream,0,ok,7.656278291,43.645244375,2.016956583,,,53.413677,3291.625,2611.71875,2611.71875,3060.890625,2346.0625,3291.625,3198.84375,,,5000000,5000000,500000,225307463.5,2560000000,0.0,0.0,125.121459,294.673,42684.036583,65.534087,0.0,0.0,0.0,
