rows,width,source_kind,output_kind,mode,delivery,cardinality,repeat,status,setup_s,submit_s,fetch_s,query_collect_s,api_readback_s,process_s,peak_rss_mib,setup_rss_mib,process_peak_through_setup_mib,process_peak_through_submit_mib,post_submit_rss_mib,process_peak_through_fetch_mib,post_fetch_rss_mib,process_peak_through_query_mib,post_query_rss_mib,result_rows,output_rows,chosen,objective,payload_bytes,window_input_rows,window_sort_buffer_mib,direct_analyze_ms,direct_construct_ms,model_build_ms,backend_load_ms,solve_ms,solver_readback_ms,result_collect_append_ms,result_collect_combine_ms,result_collect_finalize_ms,error
5000000,0,stored,aggregate,direct,materialized,upper,0,ok,0.0678105,0.185101125,5.584e-06,0.185101125,5.584e-06,0.286222,861.328,117.703125,117.703125,861.296875,861.296875,861.296875,861.296875,861.296875,861.296875,5000000,1,500000,225307463.5,0,5000000,190.762,0.018292,0.01875,0.0,0.0,0.0,0.0,0.006584,0.007958,0.006291,
5000000,0,stored,aggregate,direct,materialized,lower,0,ok,0.068564083,0.185513583,6.666e-06,0.185513583,6.666e-06,0.282069,862.844,117.875,117.875,862.828125,862.828125,862.828125,862.828125,862.828125,862.828125,5000000,1,3000000,601317410.6,0,5000000,190.762,0.017041,0.022,0.0,0.0,0.0,0.0,0.001125,0.009125,0.006583,
5000000,0,stored,aggregate,direct,materialized,exact,0,ok,0.068965875,0.182570625,6.5e-06,0.182570625,6.5e-06,0.280097,862.844,117.734375,117.734375,862.8125,862.8125,862.8125,862.8125,862.8125,862.8125,5000000,1,3000000,601317410.6,0,5000000,190.762,0.0195,0.020458,0.0,0.0,0.0,0.0,0.001291,0.009875,0.006,
5000000,0,stored,aggregate,direct,materialized,interval,0,ok,0.068791625,0.183250375,6.125e-06,0.183250375,6.125e-06,0.278853,863.109,117.859375,117.859375,863.09375,863.09375,863.09375,863.09375,863.09375,863.09375,5000000,1,3000000,601317410.6,0,5000000,190.762,0.021583,0.024,0.0,0.0,0.0,0.0,0.001167,0.008458,0.005833,
5000000,0,stored,aggregate,gurobi,materialized,upper,0,ok,0.067965834,2.919000375,5.75e-06,2.919000375,5.75e-06,3.042774,1786.828,117.890625,117.890625,1786.828125,1663.265625,1786.828125,1663.28125,1786.828125,1663.265625,5000000,1,500000,225307463.5,0,0,0.0,0.0,0.0,113.682917,462.276167,2156.910042,66.182686,0.005833,0.010042,0.006916,
5000000,0,stored,aggregate,gurobi,materialized,lower,0,ok,0.069870125,2.843760833,6.666e-06,2.843760833,6.666e-06,2.977526,2279.469,117.671875,117.671875,2279.46875,2224.25,2279.46875,2224.25,2279.46875,2224.25,5000000,1,3000000,601317410.6,0,0,0.0,0.0,0.0,114.095833,462.29425,2117.389333,60.773409,0.003584,0.007834,0.006333,
5000000,0,stored,aggregate,gurobi,materialized,exact,0,ok,0.067898042,9.519326083,6.083e-06,9.519326083,6.083e-06,9.631086,2139.578,117.671875,117.671875,2139.578125,1292.53125,2139.578125,1292.546875,2139.578125,1292.53125,5000000,1,3000000,601317410.6,0,0,0.0,0.0,0.0,123.491792,475.449916,8714.447583,66.728756,0.008333,0.014458,0.011041,
5000000,0,stored,aggregate,gurobi,materialized,interval,0,ok,0.06837325,11.4832155,7.875e-06,11.4832155,7.875e-06,11.602797,2485.828,117.765625,117.765625,2485.828125,1305.125,2485.828125,1305.140625,2485.828125,1305.125,5000000,1,3000000,601317410.6,0,0,0.0,0.0,0.0,127.270666,471.318292,10656.835208,67.650576,0.012833,0.01,0.012625,
5000000,0,stored,aggregate,direct,materialized,upper,1,ok,0.068227083,0.154070708,6.708e-06,0.154070708,6.708e-06,0.250608,861.641,117.828125,117.828125,861.609375,861.609375,861.609375,861.609375,861.609375,861.609375,5000000,1,500000,225307463.5,0,5000000,190.762,0.020084,0.02025,0.0,0.0,0.0,0.0,0.001417,0.00975,0.009292,
5000000,0,stored,aggregate,direct,materialized,lower,1,ok,0.068224875,0.182019708,6.25e-06,0.182019708,6.25e-06,0.276905,862.531,117.734375,117.734375,862.5,862.5,862.5,862.5,862.5,862.5,5000000,1,3000000,601317410.6,0,5000000,190.762,0.020291,0.020833,0.0,0.0,0.0,0.0,0.001084,0.008333,0.009125,
5000000,0,stored,aggregate,direct,materialized,exact,1,ok,0.068017291,0.178719833,6.125e-06,0.178719833,6.125e-06,0.272347,862.703,117.84375,117.84375,862.671875,862.671875,862.671875,862.671875,862.671875,862.671875,5000000,1,3000000,601317410.6,0,5000000,190.762,0.019833,0.021584,0.0,0.0,0.0,0.0,0.001125,0.008792,0.007541,
5000000,0,stored,aggregate,direct,materialized,interval,1,ok,0.068750084,0.180187875,6.083e-06,0.180187875,6.083e-06,0.27484,862.766,117.765625,117.765625,862.734375,862.734375,862.734375,862.734375,862.734375,862.734375,5000000,1,3000000,601317410.6,0,5000000,190.762,0.021041,0.025792,0.0,0.0,0.0,0.0,0.001417,0.009917,0.005958,
5000000,0,stored,aggregate,gurobi,materialized,upper,1,ok,0.068357208,2.78628025,1.0292e-05,2.78628025,1.0292e-05,2.896671,2367.438,117.765625,117.765625,2367.4375,2367.328125,2367.4375,2367.328125,2367.4375,2367.328125,5000000,1,500000,225307463.5,0,0,0.0,0.0,0.0,111.99225,468.28975,2034.869667,58.163783,0.00275,0.0135,0.012709,
5000000,0,stored,aggregate,gurobi,materialized,lower,1,ok,0.069003208,2.793455833,5.917e-06,2.793455833,5.917e-06,2.907568,2367.359,117.890625,117.890625,2367.359375,2367.25,2367.359375,2367.25,2367.359375,2367.25,5000000,1,3000000,601317410.6,0,0,0.0,0.0,0.0,110.986416,455.441833,2082.3145,57.079954,0.001584,0.011541,0.008916,
5000000,0,stored,aggregate,gurobi,materialized,exact,1,ok,0.068731042,9.28658625,6.167e-06,9.28658625,6.167e-06,9.395262,2386.844,117.765625,117.765625,2386.84375,1582.578125,2386.84375,1582.578125,2386.84375,1582.578125,5000000,1,3000000,601317410.6,0,0,0.0,0.0,0.0,110.499334,463.973416,8537.828791,58.592244,0.004917,0.015958,0.006542,
5000000,0,stored,aggregate,gurobi,materialized,interval,1,ok,0.068573833,11.435416667,6.583e-06,11.435416667,6.583e-06,11.555748,2467.375,117.671875,117.671875,2467.375,1392.171875,2467.375,1392.1875,2467.375,1392.171875,5000000,1,3000000,601317410.6,0,0,0.0,0.0,0.0,131.146459,466.286459,10592.0055,75.107599,0.006083,0.007833,0.010833,
