rows,width,source_kind,output_kind,mode,delivery,cardinality,scope,pins,bound_kind,repeat,status,setup_s,submit_s,fetch_s,query_collect_s,api_readback_s,process_s,peak_rss_mib,setup_rss_mib,stored_file,open_rss_mib,process_peak_through_open_mib,process_peak_through_setup_mib,process_peak_through_submit_mib,post_submit_rss_mib,process_peak_through_fetch_mib,post_fetch_rss_mib,process_peak_through_query_mib,post_query_rss_mib,result_rows,output_rows,chosen,active_chosen,objective,payload_bytes,window_input_rows,window_sort_buffer_mib,direct_analyze_ms,direct_construct_ms,model_build_ms,backend_load_ms,solve_ms,solver_readback_ms,result_collect_append_ms,result_collect_combine_ms,result_collect_finalize_ms,error
5000000,0,stored,full,direct,materialized,upper,global,free,constant,0,ok,1.67e-07,0.20970675,0.244780792,0.20970675,0.244780792,0.492823,1005.266,17.40625,True,17.40625,17.546875,17.546875,1005.21875,1005.21875,1005.265625,1005.265625,1005.21875,1005.21875,5000000,5000000,500000,500000,225307463.5,0,5000000,469.457,0.019166,0.021209,0.0,0.0,0.0,0.0,17.403593,0.042125,0.01225,
5000000,0,stored,full,gurobi,materialized,upper,global,free,constant,0,ok,1.67e-07,3.040981167,0.246317041,3.040981167,0.246317041,3.335182,1693.859,17.3125,True,17.3125,17.453125,17.453125,1693.734375,1693.734375,1693.8125,1693.8125,1693.734375,1693.734375,5000000,5000000,500000,500000,225307463.5,0,0,0.0,0.0,0.0,114.140958,472.94775,2259.653834,67.247209,16.108915,0.010958,0.013417,
5000000,0,stored,consume,direct,materialized,upper,global,free,constant,0,ok,1.25e-07,0.164456834,7.459e-06,0.164456834,7.459e-06,0.190039,944.219,17.359375,True,17.359375,17.5,17.5,944.21875,944.21875,944.21875,944.21875,944.21875,944.21875,5000000,1,500000,500000,225307463.5,0,5000000,469.457,0.018792,0.02,0.0,0.0,0.0,0.0,0.005,0.011459,0.006958,
5000000,0,stored,consume,gurobi,materialized,upper,global,free,constant,0,ok,1.67e-07,2.833091084,7.042e-06,2.833091084,7.042e-06,2.88025,2117.625,17.390625,True,17.390625,17.5,17.5,2117.625,2007.875,2117.625,2007.875,2117.625,2007.875,5000000,1,500000,500000,225307463.5,0,0,0.0,0.0,0.0,110.696875,454.968459,2095.593083,58.439219,0.002625,0.00925,0.009708,
5000000,512,stored,full,direct,materialized,upper,global,free,constant,0,ok,2.08e-07,1.996118458,1.928745583,1.996118458,1.928745583,4.026974,3293.094,17.390625,True,17.390625,17.53125,17.53125,2992.96875,2652.046875,3293.09375,3235.25,2992.96875,2652.046875,5000000,5000000,500000,500000,225307463.5,2560000000,5000000,5625.664,0.019625,0.021,0.0,0.0,0.0,0.0,4895.587164,0.079,0.036791,
5000000,512,stored,full,gurobi,materialized,upper,global,free,constant,0,ok,2.09e-07,3.639104667,1.893821791,3.639104667,1.893821791,5.613388,3566.234,17.25,True,17.25,17.390625,17.390625,3566.234375,1859,3566.234375,2980.5625,3566.234375,1859,5000000,5000000,500000,500000,225307463.5,2560000000,0,0.0,0.0,0.0,123.78,484.712666,2134.78675,79.28806,494.610926,0.015208,0.008,
5000000,512,stored,consume,direct,materialized,upper,global,free,constant,0,ok,1.66e-07,0.475441833,1.5708e-05,0.475441833,1.5708e-05,0.516243,3297.812,17.375,True,17.375,17.515625,17.515625,3297.8125,1991.875,3297.8125,1991.875,3297.8125,1991.875,5000000,1,500000,500000,225307463.5,0,5000000,5625.664,0.018667,0.019791,0.0,0.0,0.0,0.0,0.009792,0.011292,0.009958,
5000000,512,stored,consume,gurobi,materialized,upper,global,free,constant,0,ok,1.66e-07,3.163725334,1.4333e-05,3.163725334,1.4333e-05,3.208605,3172.141,17.28125,True,17.28125,17.390625,17.390625,3172.140625,1612.671875,3172.140625,1612.671875,3172.140625,1612.671875,5000000,1,500000,500000,225307463.5,0,0,0.0,0.0,0.0,129.980583,478.402875,2083.593125,69.060321,0.001833,0.007583,0.006333,
5000000,0,stored,full,direct,materialized,upper,global,free,constant,1,ok,1.67e-07,0.169452084,0.244373834,0.169452084,0.244373834,0.441662,1005.078,17.34375,True,17.34375,17.5,17.5,1005.03125,1005.03125,1005.078125,1005.078125,1005.03125,1005.03125,5000000,5000000,500000,500000,225307463.5,0,5000000,469.457,0.019709,0.019875,0.0,0.0,0.0,0.0,15.314046,0.039625,0.012792,
5000000,0,stored,full,gurobi,materialized,upper,global,free,constant,1,ok,8.4e-08,2.732017375,0.242991,2.732017375,0.242991,3.012625,2351.328,17.34375,True,17.34375,17.46875,17.46875,2351.21875,2351.21875,2351.28125,2351.28125,2351.21875,2351.21875,5000000,5000000,500000,500000,225307463.5,0,0,0.0,0.0,0.0,109.146542,452.720709,1997.976791,56.484843,14.476954,0.008667,0.006792,
5000000,0,stored,consume,direct,materialized,upper,global,free,constant,1,ok,2.08e-07,0.165383125,6.958e-06,0.165383125,6.958e-06,0.191157,944.469,17.25,True,17.25,17.390625,17.390625,944.453125,944.453125,944.453125,944.453125,944.453125,944.453125,5000000,1,500000,500000,225307463.5,0,5000000,469.457,0.021667,0.024958,0.0,0.0,0.0,0.0,0.004125,0.01025,0.0085,
5000000,0,stored,consume,gurobi,materialized,upper,global,free,constant,1,ok,1.67e-07,2.719474166,6.5e-06,2.719474166,6.5e-06,2.756982,2278.688,17.3125,True,17.3125,17.4375,17.4375,2278.625,2278.625,2278.625,2278.625,2278.625,2278.625,5000000,1,500000,500000,225307463.5,0,0,0.0,0.0,0.0,110.379084,450.699708,1990.621875,55.786279,0.002458,0.006667,0.005833,
5000000,512,stored,full,direct,materialized,upper,global,free,constant,1,ok,1.25e-07,1.710738208,1.965032208,1.710738208,1.965032208,3.769907,3230.547,17.359375,True,17.359375,17.5,17.5,3193.90625,2754.53125,3230.546875,3201.578125,3193.90625,2754.53125,5000000,5000000,500000,500000,225307463.5,2560000000,5000000,5625.664,0.021,0.02525,0.0,0.0,0.0,0.0,4321.596142,0.071625,0.019333,
5000000,512,stored,full,gurobi,materialized,upper,global,free,constant,1,ok,2.09e-07,3.598412916,1.891406667,3.598412916,1.891406667,5.569056,3649.047,17.234375,True,17.234375,17.375,17.375,3649.046875,2280.359375,3649.046875,3302.1875,3649.046875,2280.359375,5000000,5000000,500000,500000,225307463.5,2560000000,0,0.0,0.0,0.0,127.8345,487.999125,2123.211834,81.026048,467.630886,0.014167,0.006833,
5000000,512,stored,consume,direct,materialized,upper,global,free,constant,1,ok,2.08e-07,0.425313375,1.2625e-05,0.425313375,1.2625e-05,0.472264,3597.984,17.34375,True,17.34375,17.5,17.5,3597.984375,2563.59375,3597.984375,2563.59375,3597.984375,2563.59375,5000000,1,500000,500000,225307463.5,0,5000000,5625.664,0.01975,0.020125,0.0,0.0,0.0,0.0,0.005792,0.015083,0.0095,
5000000,512,stored,consume,gurobi,materialized,upper,global,free,constant,1,ok,2.5e-07,3.176523833,1.2792e-05,3.176523833,1.2792e-05,3.220145,3577.672,17.3125,True,17.3125,17.453125,17.453125,3577.671875,1787.421875,3577.671875,1787.421875,3577.671875,1787.421875,5000000,1,500000,500000,225307463.5,0,0,0.0,0.0,0.0,118.111917,494.155333,2155.20925,74.089136,0.001375,0.010416,0.012167,
5000000,0,stored,full,direct,materialized,upper,global,free,constant,2,ok,1.67e-07,0.168796875,0.268841917,0.168796875,0.268841917,0.464907,1005.891,17.3125,True,17.3125,17.4375,17.4375,1005.828125,1005.828125,1005.875,1005.875,1005.828125,1005.828125,5000000,5000000,500000,500000,225307463.5,0,5000000,469.457,0.0215,0.025583,0.0,0.0,0.0,0.0,15.162389,0.044586,0.012375,
5000000,0,stored,full,gurobi,materialized,upper,global,free,constant,2,ok,2.09e-07,2.692393791,0.243508291,2.692393791,0.243508291,2.975276,2351.484,17.25,True,17.25,17.375,17.375,2351.40625,2351.40625,2351.453125,2351.453125,2351.40625,2351.40625,5000000,5000000,500000,500000,225307463.5,0,0,0.0,0.0,0.0,110.16425,455.75125,1955.915083,56.091471,14.009039,0.008292,0.006709,
5000000,0,stored,consume,direct,materialized,upper,global,free,constant,2,ok,1.67e-07,0.163565084,7.417e-06,0.163565084,7.417e-06,0.189197,944.547,17.390625,True,17.390625,17.5,17.5,944.546875,944.546875,944.546875,944.546875,944.546875,944.546875,5000000,1,500000,500000,225307463.5,0,5000000,469.457,0.022,0.02275,0.0,0.0,0.0,0.0,0.004625,0.008083,0.007584,
5000000,0,stored,consume,gurobi,materialized,upper,global,free,constant,2,ok,2.91e-07,2.803719541,6.5e-06,2.803719541,6.5e-06,2.84522,2278.484,17.265625,True,17.265625,17.375,17.375,2278.4375,2278.4375,2278.4375,2278.4375,2278.4375,2278.4375,5000000,1,500000,500000,225307463.5,0,0,0.0,0.0,0.0,109.265084,450.333625,2074.3025,56.250262,0.002583,0.01025,0.008083,
5000000,512,stored,full,direct,materialized,upper,global,free,constant,2,ok,1.66e-07,2.004462042,1.946078,2.004462042,1.946078,4.037467,3218.422,17.3125,True,17.3125,17.484375,17.484375,2935.1875,2327.078125,3218.421875,3039.609375,2935.1875,2327.078125,5000000,5000000,500000,500000,225307463.5,2560000000,5000000,5625.664,0.022,0.025625,0.0,0.0,0.0,0.0,5484.830531,0.074458,0.018833,
5000000,512,stored,full,gurobi,materialized,upper,global,free,constant,2,ok,2.5e-07,3.674030417,1.869622208,3.674030417,1.869622208,5.625893,3457.984,17.40625,True,17.40625,17.53125,17.53125,3457.984375,2094.390625,3457.984375,2767.5625,3457.984375,2094.390625,5000000,5000000,500000,500000,225307463.5,2560000000,0,0.0,0.0,0.0,131.937541,483.340583,2147.016958,77.907723,515.196777,0.015959,0.012041,
5000000,512,stored,consume,direct,materialized,upper,global,free,constant,2,ok,2.08e-07,0.489871292,1.3708e-05,0.489871292,1.3708e-05,0.53154,3169.062,17.21875,True,17.21875,17.359375,17.359375,3169.0625,1902.59375,3169.0625,1902.59375,3169.0625,1902.59375,5000000,1,500000,500000,225307463.5,0,5000000,5625.664,0.020583,0.02,0.0,0.0,0.0,0.0,0.007583,0.010542,0.006958,
5000000,512,stored,consume,gurobi,materialized,upper,global,free,constant,2,ok,1.67e-07,3.337269916,1.3208e-05,3.337269916,1.3208e-05,3.389685,3144.312,17.390625,True,17.390625,17.5,17.5,3144.3125,1271.515625,3144.3125,1271.515625,3144.3125,1271.515625,5000000,1,500000,500000,225307463.5,0,0,0.0,0.0,0.0,126.442708,483.832083,2270.083583,72.739495,0.001875,0.01075,0.006375,
5000000,512,stored,full,highs,materialized,upper,global,free,constant,0,ok,1.25e-07,43.772360625,1.92112675,43.772360625,1.92112675,45.784528,2773.75,17.328125,True,17.328125,17.453125,17.453125,2773.75,2095.234375,2773.75,2275.53125,2773.75,2095.234375,5000000,5000000,500000,500000,225307463.5,2560000000,0,0.0,0.0,0.0,120.95675,279.744709,42319.607958,95.315974,564.282362,0.025667,0.0195,
5000000,512,stored,consume,highs,materialized,upper,global,free,constant,0,ok,2.09e-07,42.899330333,1.0125e-05,42.899330333,1.0125e-05,42.979174,2862.547,17.3125,True,17.3125,17.453125,17.453125,2862.546875,2033.671875,2862.546875,2033.6875,2862.546875,2033.671875,5000000,1,500000,500000,225307463.5,0,0,0.0,0.0,0.0,125.024625,270.855167,42045.497541,81.362256,0.008666,0.01775,0.007708,
5000000,512,stored,full,highs,materialized,upper,global,free,constant,1,ok,1.25e-07,44.113284,1.977480208,44.113284,1.977480208,46.189399,2819.859,17.3125,True,17.3125,17.453125,17.453125,2819.859375,2344.09375,2819.859375,2435.03125,2819.859375,2344.09375,5000000,5000000,500000,500000,225307463.5,2560000000,0,0.0,0.0,0.0,125.2285,282.4905,42677.95025,96.962286,567.639537,0.025,0.011875,
5000000,512,stored,consume,highs,materialized,upper,global,free,constant,1,ok,1.67e-07,43.341342584,9.583e-06,43.341342584,9.583e-06,43.423077,3002.312,17.28125,True,17.28125,17.421875,17.421875,3002.3125,2099.125,3002.3125,2099.140625,3002.3125,2099.125,5000000,1,500000,500000,225307463.5,0,0,0.0,0.0,0.0,129.40575,279.199041,42492.441916,82.058572,0.006792,0.017667,0.00775,
